"corporate_id","corporate_code","corporate_name","type","created_by","created_date","kelompok_usaha","jenis_perusahaan","bidang_usaha","bentuk_perusahaan","tempat_pendirian","legalitas","no_legalitas","tanggal_terbit","tanggal_kadaluarsa","akta_pendirian","tanggal_aktapendirian","akta_perubahan","tanggal_aktaperubahan","npwp","alamat","kodepos","kelurahan","kecamatan","kota","propinsi","telepon","facsimile","email","keterangan","limit_rupiah","limit_valas","limit_total","max_user","booking_office","pemrakarsa","rekening","nama_rekening","status","abonemen","cif_perusahaan","approval_mode","approval_checker_count","approval_signer_count"
"00001",AGRO,BRI AGRONIAGA,OWNER,"","","","","","","","","","","","","","","","","","","","","","","","","","","1000000000000.00","","1000000000000.00","20","","","001001000004110",ERROR,ACTIVE,"0.00","0000047906",SINGLE,1,1
"00005",SM,SAYUR MAYUR,CLIENT,"00001","2015-07-01 17:27:09",Korporasi,PT,"",Badan Hukum,"",SIUP,"","","","","","","","","","","","","","","","","","","","","","","","","",,CLOSED,"",,SINGLE,1,1
"00006",DMJ,DUO MAJU JAYA,CLIENT,"00001","2015-07-06 13:22:33",Mikro,CV,Pertanian,Non Badan Hukum,BLITAR,SIUP,XXYYZZ,"","","","","","","1234567890","","","","","","","","","",HOHO HAHA ASDF GHJKLMNOP,"100000000.00","","150000000.00","20","0020",Ajis,"041001000044403","",ACTIVE,"0.00","0000041993",MULTIPLE,1,2
"00008",ABCD,ANEKA BUAH,CLIENT,"00001","2015-07-29 10:50:57",Korporasi,PT,"",Badan Hukum,"",SIUP,"23142312152152172","","","","","","","12124545679","","11210",TANAH SAREAL,TAMBORA,JAKARTA BARAT,DKI JAKARTA,"0217675657","021756454",irminawati@briagro.co.id,PERUSAHAAN PRIORITAS,"1000000000.00","","1000000000.00","25","0011","","001001000130309","",ACTIVE,"250000.00","0000082437",SINGLE,1,1
"00010",IWAK,IKAN SALMON,CLIENT,"00001","2015-09-10 14:02:07",Korporasi,PT,PERIKANAN,Badan Hukum,Surabaya,SIUP,"123412341234","2000-02-09","2020-04-15",xxyyzzz12341234,"2000-03-15","","","76564378452342",JL Arif Rahman Hakim 04,"60111",KEPUTIH,SUKOLILO,SURABAYA,JAWA TIMUR,"","",me@iwakeputih.co.id,"","50,000,000.00","","15","15","0410","0410005","",,CLOSED,"",,MULTIPLE,1,1
"00011",TK,PT. TONG KOSONG,CLIENT,"00001","2015-09-17 15:59:45",Korporasi,CV,KEBUN SAWIT,Badan Hukum,Jakarta,SIUP,"008/SIUP/DKI/IX/2005","2005-09-09","2017-09-05","008/SIUP/DKI/IX/2005","2005-09-09","01/09/2015","2015-09-01","89703334445",JL. WIJAYA KESUMA NO. 10,"11140",KRUKUT,TAMANSARI,JAKARTA BARAT,DKI JAKARTA,"21341324123","4223432",widy@briagro.co.id,Input Data Baru,"1,000,000,000.00","1,000.00","1,000,000,000.00","5",assdaf,asdfas,"",,ACTIVE,"",,SINGLE,1,1
"00012",TAM,PT. TAMIYA,CLIENT,"00001","2015-09-17 21:03:50",Korporasi,PT,PLASTIK MODEL,Badan Hukum,Jakarta,SIUP,"","2010-10-08","","008/SIUP/DKI/IX/2005","","","","234141234312431",JL. WIJAYA KESUMA NO. 10,"10120",KEBON KELAPA,GAMBIR,JAKARTA PUSAT,DKI JAKARTA,"0215480034","",sony.harpriyono@briagro.co.id,Perubahan Data Perusahaan,"500000000","","500000000","15","","","131001003134303",HUTAHAEAN.PT ,ACTIVE,"200000.00","0000047906",SINGLE,1,1
"00013",DJS,DIV DANA JASA TRIAL,CLIENT,"00001","2015-09-29 10:12:53",Korporasi,PT,Funding,Badan Hukum,"",Lainnya,"","","","","","","","","","","","","","","","",monika.fardani@briagro.co.id,"","100,000,000.00","","10,000,000,000.00","10","0010","","",,ACTIVE,"",,SINGLE,1,1
"00014",MAJU,PT.MAJU TUMBUH BERKEMBANG,CLIENT,"00001","2015-10-05 14:50:00",Korporasi,PT,KONTRAKTOR,Badan Hukum,JAKARTA,TDP,"","2015-10-05","","55214","","","","",JL HR RASUNA SAID BLOK X-2 NO 1,"15414","","",JAKARTA,"","","",ekosarmudianto@gmail.com,"","125,000,000.00","","150,000,000.00","","","","",,CLOSED,"",,SINGLE,1,1
"00015",MA,PT. MASUK ANGIN,CLIENT,"00001","2015-10-09 11:33:17",Korporasi,"","","","","","","","","","","","","","","","","","","","","","","","5,000,000.00","","10","10","0010",Dr.Dre,"",,CLOSED,"",,SINGLE,1,1
"00016",MJU,CV. Maju Jaya Utama,CLIENT,"00037","2015-10-12 11:03:04",Mikro,"","","","","","","","","","","","","","","","","","","","","","","","500,000.00","","5","5","","","",,ACTIVE,"",,SINGLE,1,1
"00017",PTAR,PT. ANGIN RIBUT,CLIENT,"00001","2015-10-12 14:41:47","","","","","","","","","","","","","","","","","","","","","","","","","150,000,000.00","","200,000,000.00","5","0010","0010003","",,ACTIVE,"",,SINGLE,1,1
"00018",SWZ,SCHWARTZ,CLIENT,"00001","2016-01-05 10:07:25","","","","","","","","","","","","","","","","","","","","","","","","","10,000,000.00","","","","","","001001212121301",,AUTHORIZED,"125,000.00",,SINGLE,1,1
"00019",LZ,LAZADA,CLIENT,"00001","2016-01-05 17:05:40",Korporasi,PT,BELANJA ONLINE,Badan Hukum,"",SIUP,"","2012-12-03","2018-12-03",SIUP.03.12.2012,"2012-12-03","","","03122012",JL. HR RASUNA SAID,"12810",TEBET BARAT,TEBET,JAKARTA SELATAN,DKI JAKARTA,"0219876543","",andari.purnamasari@briagro.co.,"","100000000.00","","500000000.00","5","",KPO BRI AGRO,"001001859652305",,ACTIVE,"150000.00",,SINGLE,1,1
"00021",IND,Indomaret,CLIENT,"00055","2016-01-14 13:46:06",Ritel,"","",Badan Hukum,"","","","","","","","","","","","","","","","","","","","","100000000.00","","500000000.00","5","","","001001125623308",,ACTIVE,"150000.00",,SINGLE,1,1
"00022",ZAL,ZALORA,CLIENT,"00001","2016-02-02 16:19:58",Ritel,"",ritel,"","","","","","","","","","","","","","","","","","","","","","100000000.00","","500000000.00","5","","","001001252623305",,ACTIVE,"150000.00",,SINGLE,1,1
"00023",SAP,PT SURYA ADI PRATAMA,CLIENT,"00001","2016-02-02 16:39:43",Korporasi,"",KEBUN SAWIT,Badan Hukum,JAKARTA,SIUP,"008","2015-09-09","2015-09-17","008","2015-09-09","01/09/2010","2010-09-01","897033445",JL WIDYA KESUMA,"11140","","","","","","","","","100000000.00","","500000000.00","5","0010","","001001023516305",,ACTIVE,"150000.00",,SINGLE,1,1
"00024",BRI,BRI ,CLIENT,"00001","2016-02-29 11:23:56",Ritel,"","","","","","","","","","","","","","","","","","","","","","","","100000000.00","","500000000.00","5","","","001001021545305",,ACTIVE,"150000.00",,SINGLE,1,1
"00025",APP,APPLE,CLIENT,"00001","2016-02-29 11:37:23","","","","","","","","","","","","","","","","","","","","","","","","","100000000.00","","500000000.00","5","","","001001021655302",,ACTIVE,"150000.00",,SINGLE,1,1
"00027",KOBRA,KOBRA,CLIENT,"00001","2016-02-29 14:50:26","","","","","","","","","","","","","","","","","","","","","","","","","15000000.00","","100000000.00","","","","001001000003302",,ACTIVE,"150000.00",,SINGLE,1,1
"00030",SEV,SEVEL,CLIENT,"00001","2016-04-05 10:58:32",Ritel,"","","","","","","","","","","","","","","","","","","","","","","","100000000.00","","1000000000.00","10","0340 - Community Branch Magelang","","001201001366318",KIRILL ANTONOVI,ACTIVE,"0.00","0000121458",SINGLE,1,1
"00037",AGROJAYA,AGROJAYA,CLIENT,"00001","2016-11-01 13:57:37",Ritel,"","","","","","","","","","","","","","","","","","","","","","","","500000000.00","","1000000000.00","10","","","001001000098303","",ACTIVE,"150000.00",,SINGLE,1,1
"00038",WCO,Winnie Co,CLIENT,"00001","2016-11-03 18:29:02",Ritel,PT,Mainan Anak,Badan Hukum,Jakarta,Ijin Usaha,"1234567890","2010-11-01","2026-11-01",AKT-0123456789,"2009-11-01","","","123456789012345",Jakarta Selatan,"12950",Kuningan Timur,Setia Budi,Jakarta Selatan,DKI Jakarta,"02178841432","02178841433",admin@winnie.co.id,"","10000000.00","","1000000000.00","5","0020 - JAKARTA CIK DITIRO",TITO CYKA BLYAT,"001001000320409",TITO TRI PAMUNGKAS ,AUTHORIZED,"150000.00","0000001611",MULTIPLE,1,3
"00039",MJP,PT. Mangun Jaya Pertiwi,CLIENT,"00001","2016-11-08 11:44:00",Korporasi,"",Penjualan Karung,Badan Hukum,"",Lainnya,"","1992-11-04","","24","","","","","","","","","","","","","","","1000000.00","","10000000.00","5",KPO,Div. Bisnis AGRO,"001001000722300",DIAN APRILIA TIKASARI ,ACTIVE,"150000.00",,SINGLE,1,1
"00040",ABC,PT.ABC,CLIENT,"00001","2016-11-09 15:51:00",Korporasi,"","","","","","","","","","","","","","","","","","","","","","","","250000000.00","","1000000000.00","100","","","001001000098303","",ACTIVE,"150000.00",,SINGLE,1,1
"00042",GHI,PT. GHI,CLIENT,"00001","2016-11-10 14:22:01",Korporasi,PT,Jasa STNK,Non Badan Hukum,Depok,Ijin Usaha,"","","","","","","","","","","","","","","","","","","150000000.00","","2000000000.00","10",KPO,"","001001000098303",EKO SARMO DIANTO N ,ACTIVE,"150000.00",,SINGLE,1,1
"00043",JKL,PT. JKL,CLIENT,"00001","2016-11-10 14:21:50",Korporasi,PT,INVESTIGASI,Badan Hukum,Tangerang,Ijin Usaha,"","","","","","","","","","","","","","","","","","","200000000.00","","3000000000.00","10",KPO,"","001001000098303",EKO SARMO DIANTO N ,ACTIVE,"150000.00",,SINGLE,1,1
"00044",MNO,PT. MNO,CLIENT,"00001","2016-11-10 14:21:39",Korporasi,PT,EVENT ORGANIZER,Badan Hukum Asing,BEKASI,Ijin Usaha,"","","","","","","","","","","","","","","","","","","200000000.00","","2000000000.00","10",KPO,"","001001000098303",EKO SARMO DIANTO N ,ACTIVE,"150000.00",,SINGLE,1,1
"00045",PQR,PT.PQR,CLIENT,"00001","2016-11-10 14:21:31",Korporasi,PT,KARGO,Badan Hukum,JAKARTA,Ijin Usaha,"","","","","","","","","","","","","","","","","","","200000000.00","","2000000000.00","10",KPO,"","001001000098303",EKO SARMO DIANTO N ,ACTIVE,"150000.00",,SINGLE,1,1
"00046",STU,PT.STU,CLIENT,"00001","2016-11-10 14:21:20",Korporasi,PT,PENJUALAN,Badan Hukum,JAKARTA,Ijin Usaha,"","","","","","","","","","","","","","","","","","","200000000.00","","2000000000.00","10",KPO,"","001001000098303",EKO SARMO DIANTO N ,ACTIVE,"150000.00",,SINGLE,1,1
"00047",VWX,PT. VWX,CLIENT,"00001","2016-11-10 14:21:10",Korporasi,PT,JASA,Non Badan Hukum,JAKARTA,Ijin Usaha,"","","","","","","","","","","","","","","","","","","200000000.00","","2000000000.00","10",KPO,"","001001000098303",EKO SARMO DIANTO N ,CLOSED,"150000.00",,SINGLE,1,1
"00048",YZA,PT. YZA,CLIENT,"00001","2016-11-11 09:00:06",Korporasi,PT,LEASING,Badan Hukum,JAKARTA,Ijin Usaha,"","","","","","","","","","","","","","","","","","","200000000.00","","2000000000.00","10",KPO,"","001001000098303",EKO SARMO DIANTO N ,ACTIVE,"150000.00",,SINGLE,1,1
"00049",YZB,PT. YZB,CLIENT,"00001","2016-11-11 08:59:58",Korporasi,PT,MEUBEL,Badan Hukum,JAKARTA,Ijin Usaha,"","","","","","","","","","","","","","","","","","","200000000.00","","2000000000.00","10",KPO,"","001001000098303",EKO SARMO DIANTO N ,ACTIVE,"150000.00",,SINGLE,1,1
"00050",YZC,PT. YZC,CLIENT,"00001","2016-11-11 08:59:51",Korporasi,PT,KOPRASI,Non Badan Hukum,JAKARTA,Ijin Usaha,"","","","","","","","","","","","","","","","","","","200000000.00","","2000000000.00","10",KPO,"","001001000098303",EKO SARMO DIANTO N ,ACTIVE,"150000.00",,SINGLE,1,1
"00051",YZD,PT. YZD,CLIENT,"00001","2016-11-11 08:59:43",Korporasi,PT,JASA PERPANJANG STNK,Non Badan Hukum,JAKARTA,Ijin Usaha,"","","","","","","","","","","","","","","","","","","200000000.00","","2000000000.00","10",KPO,"","001001000098303",EKO SARMO DIANTO N ,ACTIVE,"150000.00",,SINGLE,1,1
"00052",YZE,PT. YZE,CLIENT,"00001","2016-11-11 08:59:34",Korporasi,PT,BANK,Badan Hukum,JAKARTA,SIUP,"","","","","","","","","","","","","","","","","","","200000000.00","","2000000000.00","10",KPO,"","001001000098303",EKO SARMO DIANTO N ,ACTIVE,"150000.00",,SINGLE,1,1
"00053",YZF,PT. YZF,CLIENT,"00001","2016-11-11 08:59:21",Korporasi,PT,BANK,Badan Hukum,JAKARTA,Ijin Usaha,"","","","","","","","","","","","","","","","","","","200000000.00","","2000000000.00","10",KPO,"","001001000098303",EKO SARMO DIANTO N ,ACTIVE,"150000.00",,SINGLE,1,1
"00054",YZG,PT. YZG,CLIENT,"00001","2016-11-11 08:59:13",Korporasi,PT,BANK,Badan Hukum,JAKARTA,Ijin Usaha,"","","","","","","","","","","","","","","","","","","200000000.00","","2000000000.00","10",KPO,"","001001000098303",EKO SARMO DIANTO N ,SUSPENDED,"150000.00",,SINGLE,1,1
"00055",DEF,PT. DEF,CLIENT,"00001","2016-11-11 10:09:43",Korporasi,PT,BANK,Badan Hukum,JAKARTA,Ijin Usaha,"","","","","","","","","","","","","","","","","","","200000000.00","","2000000000.00","10",KPO,"","001001000098303",EKO SARMO DIANTO N ,CLOSED,"150000.00",,SINGLE,1,1
"00056",PTCM,PT. Cemerlang,CLIENT,"00001","2016-12-15 11:55:10",Korporasi,"","","","","","","","","","","","","","","","","","","","","","","","10000000.00","","100000000.00","5","1310 - PEKANBARU",Fulan,"001001000098303",EKO SARMO DIANTO N ,CLOSED,"150000.00",,SINGLE,1,1
"00058",KALONG,KALONG,CLIENT,"00001","2017-02-03 15:28:35",Korporasi,"","","","","","","","","","","","","","","","","","","","","","","","1000000.00","","5000000000000.00","","","","001001000098303",EKO SARMO DIANTO N ,CLOSED,"150000.00",,SINGLE,1,1
"00060",ANUGERAH,ANUGERAH,CLIENT,"00001","2017-02-03 15:43:53","","","","","","","","","","","","","","","","","","","","","","","","","10000000.00","","100000000.00","","","","000401554646464",ERROR,CLOSED,"150000.00",,SINGLE,1,1
"00061",mdn,Dendhy,CLIENT,"00001","2017-02-22 11:39:33",Korporasi,PT,Otomotif,Non Badan Hukum,"",Lainnya,"","","","","","","","","","","","","","","","","","","100000000.00","","1000000000000.00","5","","","001001004077309",MAS DENDHY NUGROHO QQ ,ACTIVE,"150000.00",,SINGLE,1,1
"00065",SEMARANG,BRI AGRO SEMARANG,CLIENT,"00037","2017-09-08 17:47:42",Korporasi,PT,"","","","","","","","","","","","","","","","","","","","","","","1000000.00","","1000000.00","10","","","131001003134303",HUTAHAEAN.PT ,ACTIVE,"100000.00","0000047906",SINGLE,1,1
"00066",PEKANBARU,PEKANBARU,CLIENT,"00037","2017-09-12 09:04:09",Korporasi,"","","","","","","","","","","","","","","","","","","","","","","","100000.00","","100000.00","5","","","131001003334303",ERROR,ACTIVE,"150000.00","0000047906",SINGLE,1,1
"00067",Benhul, Benhul,CLIENT,"00037","2017-09-13 15:00:49",Korporasi,PT,Perdagangan,Badan Hukum,"",SIUP,"","2012-09-13","","","","","","","","","","","","","","","","","50000.00","","100000.00","5","0410 - SURABAYA",FTB,"031001002548103",ERROR,ACTIVE,"150000.00","0000107055",SINGLE,1,1
"00068",BERLIN,BERLIN LAMPUNG,CLIENT,"00037","2017-09-14 09:54:30",Korporasi,PT,TERNAK,Badan Hukum,LAMPUNG,SIUP,"12.02.11115.22","2016-09-13","2018-09-13","91","1991-02-02","","","11111122333",LAMPUNG,"34152",Badran Sari,Punggur,Lampung Tengah,Lampung,"02177788891","0218887695",BERLIUN@JOSS.CO.ID,APPROVE,"100000.00","","100000.00","5","1710 - LAMPUNG",DIVISI FUNDING & TRANSACTION BANKING,"021401241120456",ERROR,ACTIVE,"0.00","9901016083",SINGLE,1,1
"00069",MEDAN,CMS CABANG MEDAN,CLIENT,"00037","2018-02-05 16:29:01",Korporasi,"","","","","","","","","","","","","","","","","","","","","","","","10000.00","","10000.00","5","","","131001001184302",HARANGAN WILMAR HUTAHAEAN ,AUTHORIZED,"0.00","0000047906",SINGLE,1,1
"00070",KNG,CMS KUNINGAN,CLIENT,"00037","2017-10-26 10:55:05",Korporasi,"","","","","","","","","","","","","","","","","","","","","","","","100000.00","","100000.00","10","","","000001000000404",ERROR,ACTIVE,"0.00","0000047906",SINGLE,1,1
"00071",AGRO RANTAU,CMS KC RANTAU PRAPAT,CLIENT,"00037","2017-10-31 16:55:02","","","","","","","","","","","","","","","","","","","","","","","","","10000.00","","10000.00","","","","001001110101101",ERROR,ACTIVE,"100.00","0000047906",SINGLE,1,1
"00072",CMS BANDUNG,CMS BANDUNG,CLIENT,"00037","2018-01-15 18:47:10","","","","","","","","","","","","","","","","","","","","","","","","","0.00","","0.00","10","","","001001101010101",ERROR,ACTIVE,"0.00","0000103563",SINGLE,1,1
"00073",CMS SBY,CMS SURABAYA,CLIENT,"00037","2018-01-15 19:03:23","","","","","","","","","","","","","","","","","","","","","","","","","0.00","","0.00","10","","","001001101001100",ERROR,ACTIVE,"0.00","0000030831",SINGLE,1,1
"00074",CMS SOLO,CMS KC SOLO,CLIENT,"00037","2018-01-22 18:06:26","","","","","","","","","","","","","","","","","","","","","","","","","0.00","","0.00","10","","","022001021530405",ERROR,ACTIVE,"0.00","0000047906",SINGLE,1,1
"00075",KC0010,KANCA UTAMA,CLIENT,"00055","2018-02-05 16:21:20","","","","","","","","","","","","","","","","","","","","","","","","","500000000.00","","500000000.00","10",KANCA UTAMA,"","001001000338402",PT ANEKA BUAH CITRA DOMESTIK ,ACTIVE,"100000.00","0000118429",SINGLE,1,1
"00076",KC0020,KANCA KUNINGAN,CLIENT,"00055","2018-02-05 16:21:54","","","","","","","","","","","","","","","","","","","","","","","","","500000000.00","","500000000.00","10",KANCA KUNINGAN,"","001001000338402",PT ANEKA BUAH CITRA DOMESTIK ,ACTIVE,"150000.00","0000118429",SINGLE,1,1
"00077",KCP0021,KANCAPEM KEBAYORAN,CLIENT,"00055","2018-02-05 16:22:25","","","","","","","","","","","","","","","","","","","","","","","","","500000000.00","","500000000.00","10",KANCAPEM KEBAYORAN,"","001001000338402",PT ANEKA BUAH CITRA DOMESTIK ,ACTIVE,"150000.00","0000118429",SINGLE,1,1
"00078",KCP0022,KANCAPEM JAMSOSTEK,CLIENT,"00055","2018-02-05 16:22:44","","","","","","","","","","","","","","","","","","","","","","","","","500000000.00","","500000000.00","10",KANCAPEM JAMSOSTEK,"","001001000338402",PT ANEKA BUAH CITRA DOMESTIK ,ACTIVE,"150000.00","0000118429",SINGLE,1,1
"00079",KCP0026,KANCAPEM KELAPA GADING,CLIENT,"00055","2018-02-05 16:22:55","","","","","","","","","","","","","","","","","","","","","","","","","500000000.00","","500000000.00","10",KANCAPEM KELAPA GADING,"","001001000338402",PT ANEKA BUAH CITRA DOMESTIK ,ACTIVE,"150000.00","0000118429",SINGLE,1,1
"00080",KCP0031,KANCAPEM HARAPAN INDAH,CLIENT,"00055","2018-02-05 16:23:08","","","","","","","","","","","","","","","","","","","","","","","","","500000000.00","","500000000.00","10",KANCAPEM HARAPAN INDAH,"","001001000338402",PT ANEKA BUAH CITRA DOMESTIK ,ACTIVE,"150000.00","0000118429",SINGLE,1,1
"00081",KCP0029,KANCAPEM CIKDITIRO,CLIENT,"00055","2018-02-05 16:23:16","","","","","","","","","","","","","","","","","","","","","","","","","500000000.00","","500000000.00","10",KANCAPEM CIKDITIRO,"","001001000338402",PT ANEKA BUAH CITRA DOMESTIK ,ACTIVE,"150000.00","0000118429",SINGLE,1,1
"00082",KC0110,KANCA BANDUNG,CLIENT,"00055","2018-02-05 16:23:24","","","","","","","","","","","","","","","","","","","","","","","","","500000000.00","","500000000.00","10",KANCA BANDUNG,"","001001000338402",PT ANEKA BUAH CITRA DOMESTIK ,ACTIVE,"150000.00","0000118429",SINGLE,1,1
"00083",KC0120,KANCA BOGOR,CLIENT,"00055","2018-02-05 16:23:31","","","","","","","","","","","","","","","","","","","","","","","","","500000000.00","","500000000.00","10",KANCA BOGOR,"","001001000338402",PT ANEKA BUAH CITRA DOMESTIK ,ACTIVE,"150000.00","0000118429",SINGLE,1,1
"00084",KCP0027,KANCAPEM DEPOK,CLIENT,"00055","2018-02-05 16:23:38","","","","","","","","","","","","","","","","","","","","","","","","","500000000.00","","500000000.00","10",KANCAPEM DEPOK,"","001001000338402",PT ANEKA BUAH CITRA DOMESTIK ,ACTIVE,"150000.00","0000118429",SINGLE,1,1
"00085",KK0023,KK DEPTAN,CLIENT,"00055","2018-02-05 17:35:59","","","","","","","","","","","","","","","","","","","","","","","","","500000000.00","","500000000.00","10",KK DEPTAN,"","001001000338402",PT ANEKA BUAH CITRA DOMESTIK ,ACTIVE,"150000.00","0000118429",SINGLE,1,1
"00086",KC0130,KANCA CIKARANG,CLIENT,"00055","2018-02-05 17:39:41","","","","","","","","","","","","","","","","","","","","","","","","","500000000.00","","500000000.00","10",KANCA CIKARANG,"","001001000338402",PT ANEKA BUAH CITRA DOMESTIK ,ACTIVE,"150000.00","0000118429",SINGLE,1,1
"00087",KCP0025,KANCAPEM BEKASI,CLIENT,"00055","2018-02-05 17:39:31","","","","","","","","","","","","","","","","","","","","","","","","","500000000.00","","500000000.00","10",KANCAPEM BEKASI,"","001001000338402",PT ANEKA BUAH CITRA DOMESTIK ,ACTIVE,"150000.00","0000118429",SINGLE,1,1
"00088",KC0310,KANCA SEMARANG,CLIENT,"00055","2018-02-05 17:39:25","","","","","","","","","","","","","","","","","","","","","","","","","500000000.00","","500000000.00","10",KANCA SEMARANG,"","001001000338402",PT ANEKA BUAH CITRA DOMESTIK ,ACTIVE,"150000.00","0000118429",SINGLE,1,1
"00089",KCP0311,KANCAPEM BANYUMANIK,CLIENT,"00055","2018-02-05 17:39:17","","","","","","","","","","","","","","","","","","","","","","","","","500000000.00","","500000000.00","10",KANCAPEM BANYUMANIK,"","001001000338402",PT ANEKA BUAH CITRA DOMESTIK ,ACTIVE,"150000.00","0000118429",SINGLE,1,1
"00090",KC0320,KANCA SOLO,CLIENT,"00055","2018-02-05 17:39:01","","","","","","","","","","","","","","","","","","","","","","","","","500000000.00","","500000000.00","10",KANCA SOLO,"","001001000338402",PT ANEKA BUAH CITRA DOMESTIK ,ACTIVE,"150000.00","0000118429",SINGLE,1,1
"00091",KC0410,KANCA SURABAYA,CLIENT,"00055","2018-02-05 17:38:54","","","","","","","","","","","","","","","","","","","","","","","","","500000000.00","","500000000.00","10",KANCA SURABAYA,"","001001000338402",PT ANEKA BUAH CITRA DOMESTIK ,ACTIVE,"150000.00","0000118429",SINGLE,1,1
"00092",KCP0411,KANCAPEM SIDOARJO,CLIENT,"00055","2018-02-05 17:38:48","","","","","","","","","","","","","","","","","","","","","","","","","500000000.00","","500000000.00","10",KANCAPEM SIDOARJO,"","001001000338402",PT ANEKA BUAH CITRA DOMESTIK ,ACTIVE,"150000.00","0000118429",SINGLE,1,1
"00093",KCP0412,KANCAPEM GRESIK,CLIENT,"00055","2018-02-05 17:38:41","","","","","","","","","","","","","","","","","","","","","","","","","500000000.00","","500000000.00","10",KANCAPEM GRESIK,"","001001000338402",PT ANEKA BUAH CITRA DOMESTIK ,ACTIVE,"150000.00","0000118429",SINGLE,1,1
"00094",KC0510,KANCA BINTARO,CLIENT,"00055","2018-02-05 17:38:32","","","","","","","","","","","","","","","","","","","","","","","","","500000000.00","","500000000.00","10",KANCA BINTARO,"","001001000338402",PT ANEKA BUAH CITRA DOMESTIK ,ACTIVE,"150000.00","0000118429",SINGLE,1,1
"00095",KCP0024,KANCAPEM TANGERANG,CLIENT,"00055","2018-02-05 17:38:24","","","","","","","","","","","","","","","","","","","","","","","","","500000000.00","","50000000.00","10",KANCAPEM TANGERANG,"","001001000338402",PT ANEKA BUAH CITRA DOMESTIK ,ACTIVE,"150000.00","0000118429",SINGLE,1,1
"00096",KCP0028,KANCAPEM CIPUTAT,CLIENT,"00055","2018-02-05 17:38:17","","","","","","","","","","","","","","","","","","","","","","","","","500000000.00","","500000000.00","10",KANCAPEM CIPUTAT,"","001001000338402",PT ANEKA BUAH CITRA DOMESTIK ,ACTIVE,"150000.00","0000118429",SINGLE,1,1
"00097",KC1110,KANCA MEDAN,CLIENT,"00055","2018-02-05 17:38:09","","","","","","","","","","","","","","","","","","","","","","","","","500000000.00","","500000000.00","10",KANCA MEDAN,"","001001000338402",PT ANEKA BUAH CITRA DOMESTIK ,ACTIVE,"150000.00","0000118429",SINGLE,1,1
"00098",KCP1111,KANCAPEM MEDAN ARH,CLIENT,"00055","2018-02-05 17:38:03","","","","","","","","","","","","","","","","","","","","","","","","","500000000.00","","500000000.00","10",KANCAPEM MEDAN ARH,"","001001000338402",PT ANEKA BUAH CITRA DOMESTIK ,ACTIVE,"150000.00","0000118429",SINGLE,1,1
"00099",KCP1112,KANCAPEM TEBING TINGGI,CLIENT,"00055","2018-02-05 17:37:56","","","","","","","","","","","","","","","","","","","","","","","","","500000000.00","","500000000.00","10",KANCAPEM TEBING TINGGI,"","001001000338402",PT ANEKA BUAH CITRA DOMESTIK ,ACTIVE,"150000.00","0000118429",SINGLE,1,1
"00100",KCP1121,KANCAPEM PEMATANG SIANTAR,CLIENT,"00055","2018-02-05 17:37:49","","","","","","","","","","","","","","","","","","","","","","","","","500000000.00","","500000000.00","10",KANCAPEM PEMATANG SIANTAR,"","001001000338402",PT ANEKA BUAH CITRA DOMESTIK ,ACTIVE,"150000.00","0000118429",SINGLE,1,1
"00101",KC1120,KANCA RANTAU PRAPAT,CLIENT,"00055","2018-02-05 17:37:40","","","","","","","","","","","","","","","","","","","","","","","","","500000000.00","","500000000.00","10",KANCA RANTAU PRAPAT,"","001001000338402",PT ANEKA BUAH CITRA DOMESTIK ,ACTIVE,"150000.00","0000118429",SINGLE,1,1
"00102",KC1310,KANCA PEKANBARU,CLIENT,"00055","2018-02-05 17:37:34","","","","","","","","","","","","","","","","","","","","","","","","","500000000.00","","500000000.00","10",KANCA PEKANBARU,"","001001000338402",PT ANEKA BUAH CITRA DOMESTIK ,ACTIVE,"150000.00","0000118429",SINGLE,1,1
"00103",KCP1311,KANCAPEM KASIKAN,CLIENT,"00055","2018-02-05 17:37:27","","","","","","","","","","","","","","","","","","","","","","","","","500000000.00","","500000000.00","10",KANCAPEM KASIKAN,"","001001000338402",PT ANEKA BUAH CITRA DOMESTIK ,ACTIVE,"150000.00","0000118429",SINGLE,1,1
"00104",KCP1312,KANCAPEM LUBUK DALAM,CLIENT,"00055","2018-02-05 17:37:21","","","","","","","","","","","","","","","","","","","","","","","","","500000000.00","","500000000.00","10",KANCAPEM LUBUK DALAM,"","001001000338402",PT ANEKA BUAH CITRA DOMESTIK ,ACTIVE,"150000.00","0000118429",SINGLE,1,1
"00105",KCP1313,KANCAPEM UJUNG BATU,CLIENT,"00055","2018-02-05 17:37:11","","","","","","","","","","","","","","","","","","","","","","","","","500000000.00","","500000000.00","10",KANCAPEM UJUNG BATU,"","001001000338402",PT ANEKA BUAH CITRA DOMESTIK ,ACTIVE,"150000.00","0000118429",SINGLE,1,1
"00106",KCP1314,KANCAPEM AIR MOLEK,CLIENT,"00055","2018-02-05 17:37:05","","","","","","","","","","","","","","","","","","","","","","","","","500000000.00","","500000000.00","10",KANCAPEM AIR MOLEK,"","001001000338402",PT ANEKA BUAH CITRA DOMESTIK ,ACTIVE,"150000.00","0000118429",SINGLE,1,1
"00107",KK1315,KK DALUDALU,CLIENT,"00055","2018-02-05 17:36:59","","","","","","","","","","","","","","","","","","","","","","","","","500000000.00","","500000000.00","10",KK DALUDALU,"","001001000338402",PT ANEKA BUAH CITRA DOMESTIK ,ACTIVE,"150000.00","0000118429",SINGLE,1,1
"00108",KK1316,KK T SONO,CLIENT,"00055","2018-02-05 17:36:52","","","","","","","","","","","","","","","","","","","","","","","","","500000000.00","","500000000.00","10",KK T SONO,"","001001000338402",PT ANEKA BUAH CITRA DOMESTIK ,ACTIVE,"150000.00","0000118429",SINGLE,1,1
"00109",KC1410,KANCA JAMBI,CLIENT,"00055","2018-02-05 17:36:47","","","","","","","","","","","","","","","","","","","","","","","","","500000000.00","","500000000.00","10",KANCA JAMBI,"","001001000338402",PT ANEKA BUAH CITRA DOMESTIK ,ACTIVE,"150000.00","0000118429",SINGLE,1,1
"00110",KC1510,KANCA PALEMBANG,CLIENT,"00055","2018-02-05 17:36:41","","","","","","","","","","","","","","","","","","","","","","","","","500000000.00","","500000000.00","10",KANCA PALEMBANG,"","001001000338402",PT ANEKA BUAH CITRA DOMESTIK ,ACTIVE,"150000.00","0000118429",SINGLE,1,1
"00111",KC1710,KANCA LAMPUNG,CLIENT,"00055","2018-02-05 17:36:33","","","","","","","","","","","","","","","","","","","","","","","","","500000000.00","","500000000.00","10",KANCA LAMPUNG,"","001001000338402",PT ANEKA BUAH CITRA DOMESTIK ,ACTIVE,"150000.00","0000118429",SINGLE,1,1
"00112",KCP1711,KANCAPEM BANDAR JAYA,CLIENT,"00055","2018-02-05 17:36:27","","","","","","","","","","","","","","","","","","","","","","","","","500000000.00","","500000000.00","10",KANCAPEM BANDAR JAYA,"","001001000338402",PT ANEKA BUAH CITRA DOMESTIK ,ACTIVE,"150000.00","0000118429",SINGLE,1,1
"00113",KC2010,KANCA PONTIANAK,CLIENT,"00055","2018-02-05 17:36:21","","","","","","","","","","","","","","","","","","","","","","","","","500000000.00","","500000000.00","10",KANCA PONTIANAK,"","001001000338402",PT ANEKA BUAH CITRA DOMESTIK ,ACTIVE,"150000.00","0000118429",SINGLE,1,1
"00114",KC2310,KANCA BALIKPAPAN,CLIENT,"00055","2018-02-05 17:36:14","","","","","","","","","","","","","","","","","","","","","","","","","500000000.00","","500000000.00","10",KANCA BALIKPAPAN,"","001001000338402",PT ANEKA BUAH CITRA DOMESTIK ,ACTIVE,"150000.00","0000118429",SINGLE,1,1
"00115",KC3210,KANCA MAKASSAR,CLIENT,"00055","2018-02-05 17:36:06","","","","","","","","","","","","","","","","","","","","","","","","","500000000.00","","500000000.00","10",KANCA MAKASSAR,"","001001000338402",PT ANEKA BUAH CITRA DOMESTIK ,ACTIVE,"150000.00","0000118429",SINGLE,1,1
"00116",CMS DBA,CMS DIVISI BISNIS AGRO,CLIENT,"00037","2018-02-13 09:57:27","","","","","","","","","","","","","","","","","","","","","","","","","1000000000.00","","1000000000.00","10","","","001001000338402",PT ANEKA BUAH CITRA DOMESTIK ,ACTIVE,"150000.00","0000118429",SINGLE,1,1
"00117",jeng,Juragan Jenglot,CLIENT,"00001","2018-02-14 16:36:46",Korporasi,"",Jualan Jenglot Krispi,Badan Hukum,Jakarta,SIUP,"05053434","2018-02-14","2018-02-14","12345678","2018-02-01","12345678","2018-02-01","12345678",Disitu,"12740","","","","","","",juragan@jenglot.co.id,"","1000000000.00","","1000000000.00","20","0012 - BAGIAN SENTRA OPERASI",robert,"001001000341405",JURAGAN JENGLOT ,ACTIVE,"150000.00","0000118433",SINGLE,1,1
"00118",jeng,Juragan Jenglot,CLIENT,"00001","2018-03-08 14:35:21",Korporasi,"","","","","","","","","","","","","","","","","","","","","","","","1000000000.00","","10000000000.00","","","","001001000341405",JURAGAN JENGLOT ,AUTHORIZED,"150000.00","0000118433",SINGLE,1,1
"00119",dbrk,dbrk,CLIENT,"00037","2018-02-15 15:10:28",Ritel,Lainnya,ritel,Badan Hukum,jakarta,TDP,"12345","","","","","","","","","","","","","","","","","","100000000.00","","1000000000.00","10","0010 - KANTOR PUSAT OPERATIONAL",FTB,"001001000098303",EKO SARMO DIANTO N ,ACTIVE,"150000.00","0000118429",SINGLE,1,1
"00120",CMS DBU,CMS DBU,CLIENT,"00037","2018-03-20 08:19:22","","","","","","","","","","","","","","","","","","","","","","","","","1000000000.00","","1000000000.00","10",DBU,FTB,"001001000338402",PT ANEKA BUAH CITRA DOMESTIK ,ACTIVE,"0.00","0000118429",SINGLE,1,1
"00121",JH,JAMRUD HIJAU,CLIENT,"00001","2018-09-27 15:28:28",Korporasi,PT,PUPUK,Badan Hukum,JAKARTA,SIUP,SIUP/PT/JH/001IV/2015,"2015-04-01","2020-04-01","510/14.20/JH/001/2007","2007-04-02","510/14.20/JH/020/2015","2015-04-01","0268828457050001",JL. MANGGA BESAR 8/22,"11180",Mangga Besar,Taman Sari,Jakarta Barat,DKI Jakarta,"02165965902","02165965902",koesoemawardhani769@gmail.com,"","1000000000.00","","1000000000000.00","5","0020 - JAKARTA CIK DITIRO",Kantor Pusat,"001001000340409",PT JAMRUD HIJAU  ,ACTIVE,"150000.00","0000118400",SINGLE,1,1
"00122",DUMMYCMS1,DUMMYCMS1,CLIENT,"00037","2018-10-23 08:37:01","","","","","","","","","","","","","","","","","","","","","","","","","500000000.00","","500000000.00","10","","","001001000338402",PT ANEKA BUAH CITRA DOMESTIK ,ACTIVE,"150000.00","0000118429",SINGLE,1,1
"00123",DUMMYCMS2,DUMMYCMS2,CLIENT,"00037","2018-10-23 08:37:09","","","","","","","","","","","","","","","","","","","","","","","","","500000000.00","","500000000.00","10","","","001001000338402",PT ANEKA BUAH CITRA DOMESTIK ,ACTIVE,"150000.00","0000118429",SINGLE,1,1
"00124",DUMMYCMS3,DUMMYCMS3,CLIENT,"00037","2018-10-23 08:38:09","","","","","","","","","","","","","","","","","","","","","","","","","500000000.00","","500000000.00","10","","","001001000338402",PT ANEKA BUAH CITRA DOMESTIK ,ACTIVE,"150000.00","0000118429",SINGLE,1,1
"00125",DUMMYCMS4,DUMMYCMS4,CLIENT,"00037","2018-10-23 08:38:01","","","","","","","","","","","","","","","","","","","","","","","","","500000000.00","","500000000.00","10","","","001001000338402",PT ANEKA BUAH CITRA DOMESTIK ,ACTIVE,"150000.00","0000118429",SINGLE,1,1
"00126",DUMMYCMS5,DUMMYCMS5,CLIENT,"00037","2018-10-23 08:37:53","","","","","","","","","","","","","","","","","","","","","","","","","500000000.00","","500000000.00","10","","","001001000338402",PT ANEKA BUAH CITRA DOMESTIK ,ACTIVE,"150000.00","0000118429",SINGLE,1,1
"00127",DUMMYCMS6,DUMMYCMS6,CLIENT,"00037","2018-10-23 08:37:46","","","","","","","","","","","","","","","","","","","","","","","","","500000000.00","","500000000.00","10","","","001001000338402",PT ANEKA BUAH CITRA DOMESTIK ,ACTIVE,"150000.00","0000118429",SINGLE,1,1
"00128",DUMMYCMS7,DUMMYCMS7,CLIENT,"00037","2018-10-23 08:37:38","","","","","","","","","","","","","","","","","","","","","","","","","500000000.00","","500000000.00","10","","","001001000338402",PT ANEKA BUAH CITRA DOMESTIK ,ACTIVE,"150000.00","0000118429",SINGLE,1,1
"00129",DUMMYCMS8,DUMMYCMS8,CLIENT,"00037","2018-10-23 08:37:31","","","","","","","","","","","","","","","","","","","","","","","","","500000000.00","","500000000.00","10","","","001001000338402",PT ANEKA BUAH CITRA DOMESTIK ,ACTIVE,"150000.00","0000118429",SINGLE,1,1
"00130",DUMMYCMS9,DUMMYCMS9,CLIENT,"00037","2018-10-23 08:37:24","","","","","","","","","","","","","","","","","","","","","","","","","500000000.00","","500000000.00","10","","","001001000338402",PT ANEKA BUAH CITRA DOMESTIK ,ACTIVE,"150000.00","0000118429",SINGLE,1,1
"00131",DUMMYCMS10,DUMMYCMS10,CLIENT,"00037","2018-10-23 08:37:17","","","","","","","","","","","","","","","","","","","","","","","","","500000000.00","","500000000.00","10","","","001001000338402",PT ANEKA BUAH CITRA DOMESTIK ,ACTIVE,"150000.00","0000118429",SINGLE,1,1
"00132",PTAB,PT ANEKA BUAH CITRA DOMESTIK,CLIENT,"00001","2019-02-06 18:34:04",Korporasi,"","",Badan Hukum,"","","","","","","","","","","","","","","","","","","","","100000000.00","","1000000000.00","","","","001001000338402",PT ANEKA BUAH CITRA DOMESTIK ,AUTHORIZED,"150000.00","0000118429",SINGLE,1,1
"00133",AZIS,Azis Group,CLIENT,"00001","2020-03-18 19:50:52",Mikro,Lainnya,"","","","","","","","","","","","","","","","","","","","","","","10000000.00","","10000000.00","","","","001001000007302",ANGGI WIDIYATMOKO ,AUTHORIZED,"150000.00","0000000001",SINGLE,1,1
"00135",LJU,PT LANGGENG JAYA UTAMA,CLIENT,"00001","2021-07-30 18:00:14",Ritel,PT,MAKANAN SNACK,Badan Hukum,BEKASI,TDP,"","2010-07-07","","1122334455","","","","740809249413000",JL ANGGREK BUMI 23 RT 2 RW 4,"17157",Mustika Sari,Mustika Jaya,Bekasi,Jawa Barat,"89101111","",langgeng01@gmail.com,"","10000000.00","","100000000.00","2",JAKARTA,"","002001000159404",PT LANGGENG JAYA UTAMA  ,AUTHORIZED,"150000.00","0000118801",SINGLE,1,1
"00191",HG,Hachi Grill,CLIENT,"00193","2023-06-27 14:49:36",Korporasi,Internal/Demo,Restoran,Badan Hukum,Jakarta,SIUP,jhv js sdbinio,"","","","","","","45678901893876129868","","16680",Dramaga,Dramaga,Bogor,Jawa Barat,"02199999999999999","","","","100000.00","","1000000.00","100","0410 - SURABAYA",Windi Saputri,"001001005554313",WINDI SAPUTRI ,ACTIVE,"0.00","0000120993",SINGLE,1,1
"00193",CCA,PT CCA,CLIENT,"00193","2024-07-11 10:46:48",Korporasi,PT,Makanan dan Minuman,Badan Hukum,Jakarta,Ijin Usaha,"91202406119991","","2026-06-10","71","","","","4872516547132698",Jalan Jaka Sembung No 7 ,"17412",Jatibening Baru,Pondok Gede,Bekasi,Jawa Barat,"021982165634","021892163545",helpdesk@cca.co.id,"","100000000.00","","100000000.00","10","0010 - KANTOR PUSAT OPERATIONAL",Rama Yanuar,"031001000169400",PT CAKRAWALA DINATA ,ACTIVE,"0.00","0000127556",SINGLE,1,1
"00195",PTABC,PT ABC,CLIENT,"00193","2024-07-18 10:52:21",Korporasi,PT,Jasa Rumah Tangga,Badan Hukum,Bogor,Ijin Usaha,"9126432758473","","2026-03-13",No 71,"","","","9761525623165",Jalan Jaka Sembung No 7 ,"17412",Jatibening Baru,Pondok Gede,Bekasi,Jawa Barat,"021982165634","021892163545",helpdesk@abc.co.id,"","100000000.00","","100000000.00","10","0010 - KANTOR PUSAT OPERATIONAL",Rama Yanuar,"001001000291406",PT ARDE SUCITAMA ,CLOSED,"0.00","0000108078",SINGLE,1,1
"00196",MKBER,MilikKitaBersama,CLIENT,"00193","2025-02-18 14:48:32",Korporasi,PT,Perikanan,Non Badan Hukum,Sekitar Jakarta,SIUP,"1234567890","2025-02-01","2045-02-01","1234567890","2025-02-01","1234567890","2025-02-01","31277272727272727272",jl. Ada deket belokan,"12450",Pondok Labu,Cilandak,Jakarta Selatan,DKI Jakarta,"021123456","","",Perusahaan yang akan sukses,"10000000.00","","200000000.00","100",Cabang HI,"","002201000372300",EKAWATI LETDYANI ,ACTIVE,"150000.00","0000016076",SINGLE,1,1
"01135",PRIVY,PT PRIVY IDENTITAS DIGITAL,CLIENT,"00015","2023-05-03 16:17:37",Korporasi,PT,"",Badan Hukum,JAKARTA,Lainnya,"3120212182784","2023-01-20","","109","2016-10-20","41","2022-12-20","804116176604000","JL KEMANG RAYA NO 15 C LANTAI 4 BANGKA , RT. 013, RW. 001","12730",Bangka,Mampang Prapatan,Jakarta Selatan,DKI Jakarta,"02122715509","","","","1000000000.00","","1000000000.00","10","0010 - KANTOR PUSAT OPERATIONAL","","001001001867405",PT PRIVY IDENTITAS DIGITAL ,ACTIVE,"0.00","0000652971",SINGLE,1,1
